<?xml version="1.0" encoding="UTF-8"?>
<project-private xmlns="http://www.netbeans.org/ns/project-private/1">
    <editor-bookmarks xmlns="http://www.netbeans.org/ns/editor-bookmarks/2" lastBookmarkId="0"/>
    <open-files xmlns="http://www.netbeans.org/ns/projectui-open-files/2">
        <group>
            <file>file:/C:/Users/ASUS/Documents/NetBeansProjects/inventoryy/src/Kendaraan/JTablel.java</file>
            <file>file:/C:/Users/ASUS/Documents/NetBeansProjects/inventoryy/src/Kendaraan/btnSimpan.java</file>
            <file>file:/C:/Users/ASUS/Documents/NetBeansProjects/inventoryy/src/Kendaraan/p.java</file>
            <file>file:/C:/Users/ASUS/Documents/NetBeansProjects/inventoryy/src/Kendaraan/ResultSet.java</file>
            <file>file:/C:/Users/ASUS/Documents/NetBeansProjects/inventoryy/src/Kendaraan/koneksi.java</file>
            <file>file:/C:/Users/ASUS/Documents/NetBeansProjects/inventoryy/src/Kendaraan/table.java</file>
            <file>file:/C:/Users/ASUS/Documents/NetBeansProjects/inventoryy/src/Kendaraan/RentalSepeda.java</file>
            <file>file:/C:/Users/ASUS/Documents/NetBeansProjects/inventoryy/src/Kendaraan/jTablel_1.java</file>
            <file>file:/C:/Users/ASUS/Documents/NetBeansProjects/inventoryy/src/Kendaraan/Resultset_1.java</file>
            <file>file:/C:/Users/ASUS/Documents/NetBeansProjects/inventoryy/src/Kendaraan/SQLException.java</file>
            <file>file:/C:/Users/ASUS/Documents/NetBeansProjects/inventoryy/src/Kendaraan/DriverManager.java</file>
            <file>file:/C:/Users/ASUS/Documents/NetBeansProjects/inventoryy/src/Kendaraan/ResulSet.java</file>
        </group>
    </open-files>
</project-private>
